<?xml version="1.0" encoding="UTF-8"?>
<!-- IMPORTANT: This is an internal file that has been generated
     by the Xilinx ISE software.  Any direct editing or
     changes made to this file may result in unpredictable
     behavior or data corruption.  It is strongly advised that
     users do not edit the contents of this file. -->
<DeviceUsageSummary rev="6">
<DesignStatistics TimeStamp="Fri May 31 17:13:51 2019"><group name="NetStatistics">
<item name="NumNets_Active" rev="2">
<attrib name="value" value="61"/></item>
<item name="NumNets_Vcc" rev="2">
<attrib name="value" value="1"/></item>
<item name="NumNodesOfType_Active_CLKPIN" rev="2">
<attrib name="value" value="12"/></item>
<item name="NumNodesOfType_Active_CNTRLPIN" rev="2">
<attrib name="value" value="24"/></item>
<item name="NumNodesOfType_Active_DOUBLE" rev="2">
<attrib name="value" value="126"/></item>
<item name="NumNodesOfType_Active_DUMMY" rev="2">
<attrib name="value" value="65"/></item>
<item name="NumNodesOfType_Active_DUMMYESC" rev="2">
<attrib name="value" value="13"/></item>
<item name="NumNodesOfType_Active_GLOBAL" rev="2">
<attrib name="value" value="9"/></item>
<item name="NumNodesOfType_Active_HUNIHEX" rev="2">
<attrib name="value" value="14"/></item>
<item name="NumNodesOfType_Active_INPUT" rev="2">
<attrib name="value" value="88"/></item>
<item name="NumNodesOfType_Active_IOBOUTPUT" rev="2">
<attrib name="value" value="13"/></item>
<item name="NumNodesOfType_Active_OMUX" rev="2">
<attrib name="value" value="33"/></item>
<item name="NumNodesOfType_Active_OUTPUT" rev="2">
<attrib name="value" value="28"/></item>
<item name="NumNodesOfType_Active_PREBXBY" rev="2">
<attrib name="value" value="29"/></item>
<item name="NumNodesOfType_Active_VFULLHEX" rev="2">
<attrib name="value" value="4"/></item>
<item name="NumNodesOfType_Active_VUNIHEX" rev="2">
<attrib name="value" value="12"/></item>
<item name="NumNodesOfType_Vcc_CNTRLPIN" rev="2">
<attrib name="value" value="1"/></item>
<item name="NumNodesOfType_Vcc_VCCOUT" rev="2">
<attrib name="value" value="1"/></item>
</group>
<group name="SiteStatistics">
<item name="IBUF-DIFFM" rev="2">
<attrib name="value" value="5"/></item>
<item name="IBUF-DIFFMI" rev="2">
<attrib name="value" value="1"/></item>
<item name="IBUF-DIFFSI" rev="2">
<attrib name="value" value="1"/></item>
<item name="IOB-DIFFM" rev="2">
<attrib name="value" value="4"/></item>
<item name="IOB-DIFFS" rev="2">
<attrib name="value" value="3"/></item>
<item name="SLICEL-SLICEM" rev="2">
<attrib name="value" value="8"/></item>
</group>
<group name="MiscellaneousStatistics">
<item name="AGG_BONDED_IO" rev="6">
<attrib name="value" value="7"/></item>
<item name="AGG_IO" rev="6">
<attrib name="value" value="7"/></item>
<item name="NUM_BONDED_IOB" rev="6">
<attrib name="value" value="7"/></item>
</group>
</DesignStatistics>
<ReportConfigData TimeStamp="Fri May 03 20:37:24 2019"><group name="IBUF_PAD">
<item name="IOATTRBOX" rev="2">
<attrib name="LVCMOS25" value="13"/></item>
</group>
<group name="SLICEL">
<item name="BX" rev="2">
<attrib name="BX_INV" value="0"/><attrib name="BX" value="10"/></item>
<item name="BY" rev="2">
<attrib name="BY" value="6"/><attrib name="BY_INV" value="0"/></item>
<item name="CE" rev="2">
<attrib name="CE" value="12"/><attrib name="CE_INV" value="0"/></item>
<item name="CLK" rev="2">
<attrib name="CLK" value="12"/><attrib name="CLK_INV" value="0"/></item>
<item name="SR" rev="2">
<attrib name="SR" value="12"/><attrib name="SR_INV" value="0"/></item>
</group>
<group name="IOB_OUTBUF">
<item name="IN" rev="2">
<attrib name="IN_INV" value="0"/><attrib name="IN" value="7"/></item>
</group>
<group name="SLICEL_FFX">
<item name="CE" rev="2">
<attrib name="CE" value="12"/><attrib name="CE_INV" value="0"/></item>
<item name="CK" rev="2">
<attrib name="CK" value="12"/><attrib name="CK_INV" value="0"/></item>
<item name="D" rev="2">
<attrib name="D" value="12"/><attrib name="D_INV" value="0"/></item>
<item name="FFX_INIT_ATTR" rev="2">
<attrib name="INIT0" value="12"/></item>
<item name="FFX_SR_ATTR" rev="2">
<attrib name="SRLOW" value="12"/></item>
<item name="LATCH_OR_FF" rev="2">
<attrib name="FF" value="12"/></item>
<item name="SR" rev="2">
<attrib name="SR" value="12"/><attrib name="SR_INV" value="0"/></item>
<item name="SYNC_ATTR" rev="2">
<attrib name="SYNC" value="12"/></item>
</group>
<group name="SLICEL_FFY">
<item name="CE" rev="2">
<attrib name="CE" value="8"/><attrib name="CE_INV" value="0"/></item>
<item name="CK" rev="2">
<attrib name="CK" value="8"/><attrib name="CK_INV" value="0"/></item>
<item name="D" rev="2">
<attrib name="D" value="8"/><attrib name="D_INV" value="0"/></item>
<item name="FFY_INIT_ATTR" rev="2">
<attrib name="INIT0" value="8"/></item>
<item name="FFY_SR_ATTR" rev="2">
<attrib name="SRLOW" value="8"/></item>
<item name="LATCH_OR_FF" rev="2">
<attrib name="FF" value="8"/></item>
<item name="SR" rev="2">
<attrib name="SR" value="8"/><attrib name="SR_INV" value="0"/></item>
<item name="SYNC_ATTR" rev="2">
<attrib name="SYNC" value="8"/></item>
</group>
<group name="BUFGMUX_GCLKMUX">
<item name="DISABLE_ATTR" rev="2">
<attrib name="LOW" value="1"/></item>
<item name="S" rev="2">
<attrib name="S_INV" value="1"/><attrib name="S" value="0"/></item>
</group>
<group name="SLICEL_F5MUX">
<item name="S0" rev="2">
<attrib name="S0" value="4"/><attrib name="S0_INV" value="0"/></item>
</group>
<group name="IOB_PAD">
<item name="DRIVEATTRBOX" rev="2">
<attrib name="12" value="7"/></item>
<item name="IOATTRBOX" rev="2">
<attrib name="LVCMOS25" value="7"/></item>
<item name="SLEW" rev="2">
<attrib name="SLOW" value="7"/></item>
</group>
<group name="IOB">
<item name="O1" rev="2">
<attrib name="O1_INV" value="0"/><attrib name="O1" value="7"/></item>
</group>
<group name="BUFGMUX">
<item name="S" rev="2">
<attrib name="S_INV" value="1"/><attrib name="S" value="0"/></item>
</group>
</ReportConfigData>
<ReportPinData TimeStamp="Fri May 03 20:37:24 2019"><group name="IBUF_PAD">
<item name="PAD" rev="2">
<attrib name="value" value="13"/></item>
</group>
<group name="IBUF_INBUF">
<item name="IN" rev="2">
<attrib name="value" value="13"/></item>
<item name="OUT" rev="2">
<attrib name="value" value="13"/></item>
</group>
<group name="BUFGMUX_GCLK_BUFFER">
<item name="IN" rev="2">
<attrib name="value" value="1"/></item>
<item name="OUT" rev="2">
<attrib name="value" value="1"/></item>
</group>
<group name="SLICEL">
<item name="BX" rev="2">
<attrib name="value" value="10"/></item>
<item name="BY" rev="2">
<attrib name="value" value="6"/></item>
<item name="CE" rev="2">
<attrib name="value" value="12"/></item>
<item name="CLK" rev="2">
<attrib name="value" value="12"/></item>
<item name="F1" rev="2">
<attrib name="value" value="9"/></item>
<item name="F2" rev="2">
<attrib name="value" value="9"/></item>
<item name="F3" rev="2">
<attrib name="value" value="9"/></item>
<item name="F4" rev="2">
<attrib name="value" value="3"/></item>
<item name="G1" rev="2">
<attrib name="value" value="10"/></item>
<item name="G2" rev="2">
<attrib name="value" value="10"/></item>
<item name="G3" rev="2">
<attrib name="value" value="10"/></item>
<item name="G4" rev="2">
<attrib name="value" value="4"/></item>
<item name="SR" rev="2">
<attrib name="value" value="12"/></item>
<item name="X" rev="2">
<attrib name="value" value="3"/></item>
<item name="XQ" rev="2">
<attrib name="value" value="12"/></item>
<item name="Y" rev="2">
<attrib name="value" value="4"/></item>
<item name="YQ" rev="2">
<attrib name="value" value="8"/></item>
</group>
<group name="IOB_OUTBUF">
<item name="IN" rev="2">
<attrib name="value" value="7"/></item>
<item name="OUT" rev="2">
<attrib name="value" value="7"/></item>
</group>
<group name="IBUF">
<item name="I" rev="2">
<attrib name="value" value="13"/></item>
<item name="PAD" rev="2">
<attrib name="value" value="13"/></item>
</group>
<group name="SLICEL_FFX">
<item name="CE" rev="2">
<attrib name="value" value="12"/></item>
<item name="CK" rev="2">
<attrib name="value" value="12"/></item>
<item name="D" rev="2">
<attrib name="value" value="12"/></item>
<item name="Q" rev="2">
<attrib name="value" value="12"/></item>
<item name="SR" rev="2">
<attrib name="value" value="12"/></item>
</group>
<group name="SLICEL_FFY">
<item name="CE" rev="2">
<attrib name="value" value="8"/></item>
<item name="CK" rev="2">
<attrib name="value" value="8"/></item>
<item name="D" rev="2">
<attrib name="value" value="8"/></item>
<item name="Q" rev="2">
<attrib name="value" value="8"/></item>
<item name="SR" rev="2">
<attrib name="value" value="8"/></item>
</group>
<group name="BUFGMUX_GCLKMUX">
<item name="I0" rev="2">
<attrib name="value" value="1"/></item>
<item name="OUT" rev="2">
<attrib name="value" value="1"/></item>
<item name="S" rev="2">
<attrib name="value" value="1"/></item>
</group>
<group name="SLICEL_F5MUX">
<item name="F" rev="2">
<attrib name="value" value="4"/></item>
<item name="G" rev="2">
<attrib name="value" value="4"/></item>
<item name="OUT" rev="2">
<attrib name="value" value="4"/></item>
<item name="S0" rev="2">
<attrib name="value" value="4"/></item>
</group>
<group name="IOB_PAD">
<item name="PAD" rev="2">
<attrib name="value" value="7"/></item>
</group>
<group name="IOB">
<item name="O1" rev="2">
<attrib name="value" value="7"/></item>
<item name="PAD" rev="2">
<attrib name="value" value="7"/></item>
</group>
<group name="BUFGMUX">
<item name="I0" rev="2">
<attrib name="value" value="1"/></item>
<item name="O" rev="2">
<attrib name="value" value="1"/></item>
<item name="S" rev="2">
<attrib name="value" value="1"/></item>
</group>
<group name="SLICEL_F">
<item name="A1" rev="2">
<attrib name="value" value="9"/></item>
<item name="A2" rev="2">
<attrib name="value" value="9"/></item>
<item name="A3" rev="2">
<attrib name="value" value="9"/></item>
<item name="A4" rev="2">
<attrib name="value" value="3"/></item>
<item name="D" rev="2">
<attrib name="value" value="9"/></item>
</group>
<group name="SLICEL_G">
<item name="A1" rev="2">
<attrib name="value" value="10"/></item>
<item name="A2" rev="2">
<attrib name="value" value="10"/></item>
<item name="A3" rev="2">
<attrib name="value" value="10"/></item>
<item name="A4" rev="2">
<attrib name="value" value="4"/></item>
<item name="D" rev="2">
<attrib name="value" value="10"/></item>
</group>
</ReportPinData>
<CmdHistory>
</CmdHistory>
</DeviceUsageSummary>
